{"lda": {"ERR": 0.08774413168430328, "MAP": 0.04082081466913223, "Recall@1": 0.0013892196584492922, "Recall@5": 0.01669430546462536, "Recall@10": 0.04387509822845459, "Precision@1": 0.03846153989434242, "Precision@5": 0.06923077255487442, "Precision@10": 0.06923077255487442}, "lsi": {"ERR": 0.031738635152578354, "MAP": 0.01033407635986805, "Recall@1": 0.002300150925293565, "Recall@5": 0.003261689329519868, "Recall@10": 0.008185548707842827, "Precision@1": 0.03846153989434242, "Precision@5": 0.011538461782038212, "Precision@10": 0.013461538590490818}, "w2v": {"ERR": 0.031139027327299118, "MAP": 0.01915040798485279, "Recall@1": 0.0009157509193755686, "Recall@5": 0.023562513291835785, "Recall@10": 0.025757990777492523, "Precision@1": 0.01923076994717121, "Precision@5": 0.015384615398943424, "Precision@10": 0.011538461782038212}, "w2v_pretrained": {"ERR": 0.05140424147248268, "MAP": 0.013670653104782104, "Recall@1": 0.007158450782299042, "Recall@5": 0.008806802332401276, "Recall@10": 0.010272002778947353, "Precision@1": 0.07692307978868484, "Precision@5": 0.026923077180981636, "Precision@10": 0.017307693138718605}, "d2v": {"ERR": 0.12098539620637894, "MAP": 0.05118589848279953, "Recall@1": 0.005844686646014452, "Recall@5": 0.034290675073862076, "Recall@10": 0.045973267406225204, "Precision@1": 0.11538461595773697, "Precision@5": 0.09615384787321091, "Precision@10": 0.06923076510429382}, "lsi_rr": {"ERR": 0.21982693672180176, "MAP": 0.24681997299194336, "Recall@1": 0.020098356530070305, "Recall@5": 0.08790157735347748, "Recall@10": 0.145828977227211, "Precision@1": 0.19230769574642181, "Precision@5": 0.1884615421295166, "Precision@10": 0.18076923489570618}, "lda_rr": {"ERR": 0.22907176613807678, "MAP": 0.2493039220571518, "Recall@1": 0.01100168190896511, "Recall@5": 0.06489609181880951, "Recall@10": 0.15776529908180237, "Precision@1": 0.21153846383094788, "Precision@5": 0.19615386426448822, "Precision@10": 0.19230769574642181}, "w2v_rr": {"ERR": 0.19143016636371613, "MAP": 0.2250077724456787, "Recall@1": 0.028233349323272705, "Recall@5": 0.06756483018398285, "Recall@10": 0.11953143030405045, "Precision@1": 0.17307692766189575, "Precision@5": 0.14615385234355927, "Precision@10": 0.1519230753183365}, "w2v_pretrained_rr": {"ERR": 0.28234368562698364, "MAP": 0.32205671072006226, "Recall@1": 0.04945489019155502, "Recall@5": 0.11736994236707687, "Recall@10": 0.2011665552854538, "Precision@1": 0.3461538553237915, "Precision@5": 0.22692307829856873, "Precision@10": 0.20576922595500946}, "d2v_rr": {"ERR": 0.24034923315048218, "MAP": 0.24925735592842102, "Recall@1": 0.017200667411088943, "Recall@5": 0.06163497641682625, "Recall@10": 0.12864364683628082, "Precision@1": 0.26923078298568726, "Precision@5": 0.18076921999454498, "Precision@10": 0.19230769574642181}}