{"lda": {"ERR": 0.1230708509683609, "MAP": 0.06025485694408417, "Recall@1": 0.006648746319115162, "Recall@5": 0.02928190305829048, "Recall@10": 0.052057817578315735, "Precision@1": 0.11538461595773697, "Precision@5": 0.08076922595500946, "Precision@10": 0.08461538702249527}, "lsi": {"ERR": 0.123624287545681, "MAP": 0.06715171039104462, "Recall@1": 0.015266352333128452, "Recall@5": 0.03493833914399147, "Recall@10": 0.05309491977095604, "Precision@1": 0.11538461595773697, "Precision@5": 0.0923076942563057, "Precision@10": 0.07692307978868484}, "w2v": {"ERR": 0.0208869781345129, "MAP": 0.014738338068127632, "Recall@1": 0.0, "Recall@5": 0.005156044382601976, "Recall@10": 0.026790659874677658, "Precision@1": 0.0, "Precision@5": 0.01923076994717121, "Precision@10": 0.013461539521813393}, "w2v_pretrained": {"ERR": 0.05140424147248268, "MAP": 0.013670653104782104, "Recall@1": 0.007158450782299042, "Recall@5": 0.008806802332401276, "Recall@10": 0.010272002778947353, "Precision@1": 0.07692307978868484, "Precision@5": 0.026923077180981636, "Precision@10": 0.017307693138718605}, "d2v": {"ERR": 0.09364048391580582, "MAP": 0.04927610605955124, "Recall@1": 0.009982483461499214, "Recall@5": 0.030361350625753403, "Recall@10": 0.04126767814159393, "Precision@1": 0.07692307978868484, "Precision@5": 0.06538461893796921, "Precision@10": 0.051923077553510666}, "lsi_rr": {"ERR": 0.21742679178714752, "MAP": 0.24455586075782776, "Recall@1": 0.020098356530070305, "Recall@5": 0.08790157735347748, "Recall@10": 0.145828977227211, "Precision@1": 0.19230769574642181, "Precision@5": 0.1884615421295166, "Precision@10": 0.18076923489570618}, "lda_rr": {"ERR": 0.2522302567958832, "MAP": 0.27736398577690125, "Recall@1": 0.014011572115123272, "Recall@5": 0.07711496949195862, "Recall@10": 0.17408140003681183, "Precision@1": 0.21153846383094788, "Precision@5": 0.2538461685180664, "Precision@10": 0.23269233107566833}, "w2v_rr": {"ERR": 0.16058357059955597, "MAP": 0.2018984705209732, "Recall@1": 0.0034883038606494665, "Recall@5": 0.05834786221385002, "Recall@10": 0.12045984715223312, "Precision@1": 0.07692307978868484, "Precision@5": 0.13461539149284363, "Precision@10": 0.14423076808452606}, "w2v_pretrained_rr": {"ERR": 0.2836524248123169, "MAP": 0.32288187742233276, "Recall@1": 0.04945489019155502, "Recall@5": 0.11977379024028778, "Recall@10": 0.2035703957080841, "Precision@1": 0.3461538553237915, "Precision@5": 0.23076923191547394, "Precision@10": 0.20769231021404266}, "d2v_rr": {"ERR": 0.22454513609409332, "MAP": 0.2567189931869507, "Recall@1": 0.013461152091622353, "Recall@5": 0.08224112540483475, "Recall@10": 0.13852354884147644, "Precision@1": 0.1538461595773697, "Precision@5": 0.21153846383094788, "Precision@10": 0.20576922595500946}}