{"lda": {"ERR": 0.10482295602560043, "MAP": 0.043146077543497086, "Recall@1": 0.00465797632932663, "Recall@5": 0.030043037608265877, "Recall@10": 0.03744816035032272, "Precision@1": 0.07692307978868484, "Precision@5": 0.08461537957191467, "Precision@10": 0.05192307382822037}, "lsi": {"ERR": 0.12369342893362045, "MAP": 0.06689150631427765, "Recall@1": 0.015266352333128452, "Recall@5": 0.03333577141165733, "Recall@10": 0.05484316870570183, "Precision@1": 0.11538461595773697, "Precision@5": 0.08846154808998108, "Precision@10": 0.07884616404771805}, "w2v": {"ERR": 0.03709499165415764, "MAP": 0.019028829410672188, "Recall@1": 0.00415209773927927, "Recall@5": 0.005068368278443813, "Recall@10": 0.02429913729429245, "Precision@1": 0.03846153989434242, "Precision@5": 0.015384615398943424, "Precision@10": 0.009615384973585606}, "w2v_pretrained": {"ERR": 0.049495819956064224, "MAP": 0.01332488190382719, "Recall@1": 0.007158450782299042, "Recall@5": 0.008806802332401276, "Recall@10": 0.010272002778947353, "Precision@1": 0.07692307978868484, "Precision@5": 0.026923077180981636, "Precision@10": 0.017307693138718605}, "d2v": {"ERR": 0.09316156804561615, "MAP": 0.044201407581567764, "Recall@1": 0.00410839170217514, "Recall@5": 0.024640779942274094, "Recall@10": 0.043647222220897675, "Precision@1": 0.057692307978868484, "Precision@5": 0.0615384615957737, "Precision@10": 0.05961538851261139}, "lsi_rr": {"ERR": 0.2164289802312851, "MAP": 0.24469047784805298, "Recall@1": 0.020098356530070305, "Recall@5": 0.08192837983369827, "Recall@10": 0.145828977227211, "Precision@1": 0.19230769574642181, "Precision@5": 0.1884615421295166, "Precision@10": 0.18076923489570618}, "lda_rr": {"ERR": 0.21264764666557312, "MAP": 0.24107113480567932, "Recall@1": 0.016212772578001022, "Recall@5": 0.07405681908130646, "Recall@10": 0.1261713206768036, "Precision@1": 0.1538461595773697, "Precision@5": 0.17307692766189575, "Precision@10": 0.1596154123544693}, "w2v_rr": {"ERR": 0.18366681039333344, "MAP": 0.2113274782896042, "Recall@1": 0.006667137145996094, "Recall@5": 0.07107967883348465, "Recall@10": 0.12514431774616241, "Precision@1": 0.13461539149284363, "Precision@5": 0.1576922982931137, "Precision@10": 0.1576923280954361}, "w2v_pretrained_rr": {"ERR": 0.2836524248123169, "MAP": 0.32288187742233276, "Recall@1": 0.04945489019155502, "Recall@5": 0.11977379024028778, "Recall@10": 0.2035703957080841, "Precision@1": 0.3461538553237915, "Precision@5": 0.23076923191547394, "Precision@10": 0.20769231021404266}, "d2v_rr": {"ERR": 0.22996777296066284, "MAP": 0.25728970766067505, "Recall@1": 0.01796729490160942, "Recall@5": 0.06442301720380783, "Recall@10": 0.13597260415554047, "Precision@1": 0.21153846383094788, "Precision@5": 0.19230769574642181, "Precision@10": 0.19615384936332703}}