{"1": {"BOW": {"ERR": 0.055224962532520294, "MAP": 0.035598792135715485, "Recall@1": 0.0027097901329398155, "Recall@5": 0.03212781250476837, "Recall@10": 0.039613284170627594, "Recall@20": 0.05134589225053787, "Precision@1": 0.03846153989434242, "Precision@5": 0.03461538627743721, "Precision@10": 0.028846153989434242, "Precision@20": 0.02788461558520794}, "TF-IDF": {"ERR": 0.3051750361919403, "MAP": 0.1919371485710144, "Recall@1": 0.07152233272790909, "Recall@5": 0.13922426104545593, "Recall@10": 0.2008894979953766, "Recall@20": 0.25084954500198364, "Precision@1": 0.38461539149284363, "Precision@5": 0.21153846383094788, "Precision@10": 0.17500001192092896, "Precision@20": 0.129807710647583}, "NaiveQL": {"ERR": 0.03148280084133148, "MAP": 0.01020104717463255, "Recall@1": 0.00332724885083735, "Recall@5": 0.006823752541095018, "Recall@10": 0.006823752541095018, "Recall@20": 0.006823752541095018, "Precision@1": 0.057692307978868484, "Precision@5": 0.01923076994717121, "Precision@10": 0.009615384973585606, "Precision@20": 0.004807692486792803}, "QL": {"ERR": 0.3095128834247589, "MAP": 0.1734965592622757, "Recall@1": 0.04527026414871216, "Recall@5": 0.1628737598657608, "Recall@10": 0.20501302182674408, "Recall@20": 0.261101633310318, "Precision@1": 0.3461538553237915, "Precision@5": 0.253846138715744, "Precision@10": 0.19423078000545502, "Precision@20": 0.14134615659713745}, "BM25": {"ERR": 0.3728647828102112, "MAP": 0.23853932321071625, "Recall@1": 0.06354711949825287, "Recall@5": 0.1879887580871582, "Recall@10": 0.2869283854961395, "Recall@20": 0.3477320671081543, "Precision@1": 0.4423076808452606, "Precision@5": 0.2846153974533081, "Precision@10": 0.24038463830947876, "Precision@20": 0.17211540043354034}}, "2": {"BOW": {"ERR": 0.11996830999851227, "MAP": 0.07335121184587479, "Recall@1": 0.009497120976448059, "Recall@5": 0.04654978960752487, "Recall@10": 0.08054299652576447, "Recall@20": 0.12496212124824524, "Precision@1": 0.07692307978868484, "Precision@5": 0.08076922595500946, "Precision@10": 0.07307691872119904, "Precision@20": 0.05865384638309479}, "TF-IDF": {"ERR": 0.414842814207077, "MAP": 0.28476831316947937, "Recall@1": 0.08998283743858337, "Recall@5": 0.21299928426742554, "Recall@10": 0.2675623893737793, "Recall@20": 0.3548872172832489, "Precision@1": 0.5384615659713745, "Precision@5": 0.3384615480899811, "Precision@10": 0.25, "Precision@20": 0.190384641289711}, "NaiveQL": {"ERR": 0.06400872021913528, "MAP": 0.023245029151439667, "Recall@1": 0.008734999224543571, "Recall@5": 0.014733902178704739, "Recall@10": 0.01823040470480919, "Recall@20": 0.019978655502200127, "Precision@1": 0.11538461595773697, "Precision@5": 0.042307693511247635, "Precision@10": 0.02500000223517418, "Precision@20": 0.013461539521813393}, "QL": {"ERR": 0.4062402546405792, "MAP": 0.2648068070411682, "Recall@1": 0.06592906266450882, "Recall@5": 0.1985630840063095, "Recall@10": 0.2835026979446411, "Recall@20": 0.37105414271354675, "Precision@1": 0.5192307829856873, "Precision@5": 0.36923080682754517, "Precision@10": 0.29807692766189575, "Precision@20": 0.19615384936332703}, "BM25": {"ERR": 0.4261710047721863, "MAP": 0.33066701889038086, "Recall@1": 0.10448812693357468, "Recall@5": 0.23509185016155243, "Recall@10": 0.31572815775871277, "Recall@20": 0.40326038002967834, "Precision@1": 0.5192307829856873, "Precision@5": 0.4038461446762085, "Precision@10": 0.3192307651042938, "Precision@20": 0.23076923191547394}}}