{"lda": {"ERR": 0.0712025910615921, "MAP": 0.02973693422973156, "Recall@1": 0.0016025641234591603, "Recall@5": 0.006824625190347433, "Recall@10": 0.02175639010965824, "Precision@1": 0.03846153989434242, "Precision@5": 0.042307693511247635, "Precision@10": 0.04038461297750473}, "lsi": {"ERR": 0.12275342643260956, "MAP": 0.06629380583763123, "Recall@1": 0.015266352333128452, "Recall@5": 0.032898709177970886, "Recall@10": 0.05309491977095604, "Precision@1": 0.11538461595773697, "Precision@5": 0.08461538702249527, "Precision@10": 0.07692307978868484}, "w2v": {"ERR": 0.05335201695561409, "MAP": 0.01829450950026512, "Recall@1": 0.0038126115687191486, "Recall@5": 0.007984910160303116, "Recall@10": 0.02785670757293701, "Precision@1": 0.057692307978868484, "Precision@5": 0.026923077180981636, "Precision@10": 0.017307691276073456}, "w2v_pretrained": {"ERR": 0.049495819956064224, "MAP": 0.01332488190382719, "Recall@1": 0.007158450782299042, "Recall@5": 0.008806802332401276, "Recall@10": 0.010272002778947353, "Precision@1": 0.07692307978868484, "Precision@5": 0.026923077180981636, "Precision@10": 0.017307693138718605}, "d2v": {"ERR": 0.10154179483652115, "MAP": 0.046582505106925964, "Recall@1": 0.006012495141476393, "Recall@5": 0.0308074913918972, "Recall@10": 0.03983597084879875, "Precision@1": 0.09615384787321091, "Precision@5": 0.07692307978868484, "Precision@10": 0.051923077553510666}, "lsi_rr": {"ERR": 0.21872709691524506, "MAP": 0.24536846578121185, "Recall@1": 0.020098356530070305, "Recall@5": 0.08149132132530212, "Recall@10": 0.145828977227211, "Precision@1": 0.19230769574642181, "Precision@5": 0.1846153885126114, "Precision@10": 0.18076923489570618}, "lda_rr": {"ERR": 0.21148428320884705, "MAP": 0.21588124334812164, "Recall@1": 0.012242840602993965, "Recall@5": 0.04037586972117424, "Recall@10": 0.11967876553535461, "Precision@1": 0.21153846383094788, "Precision@5": 0.15000000596046448, "Precision@10": 0.1557692438364029}, "w2v_rr": {"ERR": 0.17266546189785004, "MAP": 0.20237983763217926, "Recall@1": 0.005581064149737358, "Recall@5": 0.05729470029473305, "Recall@10": 0.11654327809810638, "Precision@1": 0.11538461595773697, "Precision@5": 0.14230768382549286, "Precision@10": 0.15000000596046448}, "w2v_pretrained_rr": {"ERR": 0.2836524248123169, "MAP": 0.32288187742233276, "Recall@1": 0.04945489019155502, "Recall@5": 0.11977379024028778, "Recall@10": 0.2035703957080841, "Precision@1": 0.3461538553237915, "Precision@5": 0.23076923191547394, "Precision@10": 0.20769231021404266}, "d2v_rr": {"ERR": 0.2447894662618637, "MAP": 0.2507101893424988, "Recall@1": 0.02120676450431347, "Recall@5": 0.06349844485521317, "Recall@10": 0.13330672681331635, "Precision@1": 0.25, "Precision@5": 0.1884615272283554, "Precision@10": 0.18269230425357819}}